Neighborhood,Price,Bedrooms,Bathrooms,House Size,Description,Neighborhood Description
Green Oaks,"$800,000",3,2,"2,000 sqft","Welcome to this eco-friendly oasis nestled in the heart of Green Oaks. This charming 3-bedroom, 2-bathroom home boasts energy-efficient features such as solar panels and a well-insulated structure. Natural light floods the living spaces, highlighting the beautiful hardwood floors and eco-conscious finishes. The open-concept kitchen and dining area lead to a spacious backyard with a vegetable garden, perfect for the eco-conscious family. Embrace sustainable living without compromising on style in this Green Oaks gem.","Green Oaks is a close-knit, environmentally-conscious community with access to organic grocery stores, community gardens, and bike paths. Take a stroll through the nearby Green Oaks Park or grab a cup of coffee at the cozy Green Bean Cafe. With easy access to public transportation and bike lanes, commuting is a breeze."
Seaside Cove,"$1,200,000",4,3,"2,800 sqft","Step into coastal luxury with this magnificent 4-bedroom, 3-bathroom home located just steps from the shore in Seaside Cove. This residence features a wide open floor plan with panoramic ocean views, high vaulted ceilings, and a chef-inspired kitchen with granite countertops and state-of-the-art appliances. The master suite includes a private balcony overlooking the beach and a spa-like bathroom with a soaking tub and walk-in shower. An expansive outdoor deck is perfect for entertaining guests as the sun sets over the water.","Seaside Cove is a charming coastal town beloved for its relaxed ambiance, vibrant boardwalk, and stunning beaches. Residents enjoy local seafood restaurants, beach yoga classes, and weekend surf competitions. With walkable amenities and a warm community spirit, Seaside Cove is coastal living at its finest."
Maple Heights,"$650,000",3,2,"1,850 sqft","Nestled among towering maple trees, this beautifully restored craftsman home offers a harmonious blend of historic charm and modern amenities. Inside, original hardwood floors and detailed woodwork speak to its rich heritage, while the renovated kitchen features quartz counters, stainless steel appliances, and a large island for gatherings. The sunlit living room and cozy fireplace provide a welcoming ambiance, and the screened-in porch is ideal for enjoying warm evenings year-round.","Maple Heights is a picturesque neighborhood known for its historic homes, top-rated schools, and strong sense of community. Families enjoy walking to neighborhood parks, participating in local parades, and attending farmers markets on the town green each weekend."
Cedar Grove,"$720,000",3,2,"2,100 sqft","This beautifully updated single-story home in Cedar Grove blends modern comfort with natural serenity. Boasting 3 bedrooms and 2 full bathrooms, the home welcomes you with its airy open layout, vaulted ceilings, and large windows that frame picturesque views of the surrounding trees. The kitchen is designed for culinary enthusiasts, featuring quartz countertops, a walk-in pantry, and a large island. The master suite offers private backyard access and an ensuite bathroom with a soaking tub, dual vanities, and a walk-in shower.","Cedar Grove is known for its lush greenbelts, quiet walking trails, and friendly community events. It's an ideal location for families and retirees alike, with local parks, dog trails, and charming coffee shops that promote a laid-back lifestyle."
Lakeview Estates,"$875,000",4,3,"2,600 sqft","Elegance meets tranquility in this lakeside residence nestled within Lakeview Estates. This spacious 4-bedroom, 3-bathroom home features a grand foyer, formal dining room, and a gourmet kitchen equipped with high-end appliances and a breakfast nook overlooking the water. The family room includes a fireplace and glass doors leading to the patio with lake views. The upstairs master retreat boasts a sitting area, walk-in closet, and spa-style bath. Perfect for both entertaining and everyday relaxation.","Lakeview Estates is a sought-after waterfront community offering residents access to private boat docks, kayaking spots, and scenic jogging trails. It's a quiet escape with proximity to top schools and upscale shopping and dining."
Sunnyvale Hills,"$1,100,000",5,4,"3,200 sqft","This expansive 5-bedroom, 4-bathroom home sits on a gently sloping lot in the prestigious Sunnyvale Hills neighborhood. With panoramic views of the valley, the property features a double-height entryway, a formal living room with a fireplace, and a custom-designed kitchen with dual ovens and a butler's pantry. The main floor includes a guest suite, while the upstairs master suite has a private terrace, spa bath, and his-and-her closets. The backyard is a landscaped paradise with a pool, hot tub, and outdoor kitchen.","Sunnyvale Hills is known for its luxurious estates, excellent schools, and tranquil hillside scenery. Residents benefit from close proximity to major tech campuses, parks, and fine dining, while enjoying the peaceful environment that defines this neighborhood."
Palo Alto,"$2,350,000",4,3,"2,800 sqft","This stunning 4-bedroom, 3-bathroom contemporary home in Palo Alto offers an exceptional blend of elegance and function. The home features a bright and airy interior with skylights, hardwood flooring, and a chef’s kitchen with a large island and premium appliances. The master suite includes a spa-style bath and a private deck overlooking a landscaped backyard. Perfect for indoor-outdoor living, this home also includes a patio, firepit, and built-in grill for entertaining.","Located in the heart of Silicon Valley, Palo Alto is known for its excellent schools, tech innovation, and vibrant downtown scene. Residents enjoy world-class dining, boutique shopping, and access to parks and hiking trails, all within a highly walkable and bike-friendly city."
Menlo Park,"$1,875,000",3,2,"2,300 sqft","This elegant 3-bedroom, 2-bathroom home in Menlo Park is perfect for families and professionals. Inside, the home features a spacious open-concept floor plan, high-end finishes, and a remodeled kitchen with quartz countertops and ample cabinetry. The living room opens up to a sunny backyard complete with a pergola-covered patio and mature fruit trees.","Menlo Park is a prestigious and family-friendly neighborhood with excellent schools, leafy streets, and a relaxed suburban feel. It offers proximity to tech campuses, boutique stores, coffee shops, and Caltrain for an easy commute to San Francisco or San Jose."
San Mateo Hills,"$1,350,000",4,3,"2,700 sqft","Located in the scenic San Mateo Hills, this 4-bedroom, 3-bathroom residence is the epitome of comfortable luxury. The home boasts a formal entry, large living and dining areas, and a gourmet kitchen with stainless steel appliances. Enjoy bay views from the upstairs bedrooms, and step outside to a beautifully landscaped garden with a koi pond and stone walkways.","San Mateo Hills offers residents sweeping views of the Bay Area, peaceful cul-de-sacs, and close proximity to Crystal Springs Reservoir. Known for its safe, community-focused environment, the area also features excellent schools, hiking trails, and quick access to Highway 92 and I-280."
Cambridge,"$1,450,000",3,2,"2,100 sqft","Located just minutes from Harvard and MIT, this sophisticated 3-bedroom, 2-bathroom townhouse in Cambridge blends classic charm with modern updates. The interior features high ceilings, hardwood floors, and custom cabinetry. A renovated kitchen with granite countertops and stainless steel appliances flows into an open-concept living area, ideal for entertaining. Enjoy your morning coffee on the private patio or take a short walk to nearby bookstores, cafes, and gardens.","Cambridge is a culturally rich and intellectual hub, home to world-renowned universities, libraries, and research institutions. The area boasts a vibrant arts scene, diverse restaurants, historic architecture, and an efficient public transportation network."
Brookline,"$1,775,000",4,3,"2,900 sqft","This elegant 4-bedroom, 3-bathroom colonial in Brookline combines historical details with modern luxury. Step through the grand foyer into spacious living and dining rooms, adorned with crown molding and large bay windows. The chef’s kitchen opens up to a sunny breakfast nook and family room. Upstairs, the primary suite features a walk-in closet and spa bath. A fenced-in backyard and two-car garage round out this ideal suburban retreat.","Brookline offers a suburban feel with urban conveniences. Known for its excellent schools, leafy streets, and community-focused atmosphere, Brookline has easy access to downtown Boston via the Green Line, making it popular with families and professionals alike."
Jamaica Plain,"$985,000",3,2,"1,900 sqft","This beautifully maintained 3-bedroom, 2-bathroom Victorian in Jamaica Plain is full of character and warmth. The home features original woodwork, a fireplace, and a wraparound porch. The updated kitchen and baths offer modern comforts, while the landscaped backyard includes a garden and space for outdoor gatherings. A short walk to the Arboretum and Jamaica Pond provides serene escapes in nature right in the city.","Jamaica Plain is one of Boston’s most eclectic neighborhoods, known for its diversity, community activism, and abundant green spaces. JP offers a relaxed vibe with coffee shops, local breweries, art studios, and weekend markets, making it a favorite among artists and young families."
"North End, Boston","$680,000",1,1,750 sqft,"This charming 1-bedroom condo in the heart of Boston's historic North End is perfect for city living. Featuring exposed brick walls, hardwood flooring, and a modern galley kitchen, the space is thoughtfully designed for comfort and efficiency. The bedroom offers built-in closets and plenty of natural light. Enjoy coffee on your private balcony or explore nearby Italian restaurants and bakeries.","North End is Boston’s oldest residential neighborhood, famous for its Italian heritage, narrow streets, and vibrant food scene. With close proximity to the waterfront and downtown, it’s ideal for professionals and history enthusiasts."
"Mission Hill, Boston","$710,000",2,1,"1,100 sqft","This beautifully updated 2-bedroom condo in Mission Hill offers stunning views of the city skyline. Open-concept living and dining areas, a newly remodeled kitchen with quartz countertops, and a shared backyard make it perfect for young professionals or students. Bedrooms are well-sized, and the bathroom is finished with stylish tile work and modern fixtures.","Mission Hill is a lively neighborhood with a mix of students, medical professionals, and long-time residents. Close to Longwood Medical Area, universities, and transit, it’s a well-connected and culturally diverse enclave."
"Burlingame, CA","$925,000",2,2,"1,180 sqft","A rare find in the Peninsula, this 2-bedroom, 2-bathroom condo in Burlingame is both modern and functional. With a spacious layout under 1,200 sqft, it features laminate wood floors, in-unit laundry, and a sunny balcony. The primary bedroom includes an ensuite bathroom and generous closet space.","Burlingame is a charming city known for its tree-lined streets, top-rated schools, and vibrant downtown filled with cafes, boutiques, and bakeries. Ideal for commuters, it offers quick access to Caltrain, SFO, and Highway 101."
"Redwood City, CA","$845,000",2,1,"1,050 sqft","Welcome to this cozy and updated 2-bedroom cottage in Redwood City. The home boasts a functional single-story layout, refinished hardwood floors, and a large backyard with patio. The kitchen is equipped with stainless steel appliances and connects to a breakfast nook that overlooks the garden.","Redwood City offers a blend of suburban charm and urban convenience with a revitalized downtown, community events, and easy access to major employers in Silicon Valley. It’s a sought-after location for both first-time buyers and downsizers."
